id,first,last,email,address,city,state,zip
1,Marilyn,Hawkins,mhawkins0@ted.com,238 Melvin Way,Palo Alto,CA,94302
2,Terry,Perez,tperez1@dagondesign.com,4 Buell Crossing,Pensacola,FL,32575
3,Jack,Ferguson,jferguson2@example.com,7 Jay Drive,Oklahoma City,OK,73157
4,Frances,Armstrong,farmstrong3@wikispaces.com,7952 Towne Plaza,Albuquerque,NM,87180
5,Henry,Robertson,hrobertson4@engadget.com,438 Drewry Park,Carson City,NV,89714
6,Jeremy,Howard,jhoward5@naver.com,2968 Fulton Trail,Denver,CO,80243
7,Helen,Welch,hwelch6@usda.gov,05 Autumn Leaf Point,South Bend,IN,46634
8,Brian,Lopez,blopez7@npr.org,8325 Waubesa Point,Boston,MA,02203
9,Ann,George,ageorge8@gov.uk,61449 Merchant Court,Boca Raton,FL,33432
10,Andrew,Simmons,asimmons9@usgs.gov,36 Almo Road,Kansas City,MO,64114
11,Kathy,Ferguson,kfergusona@squarespace.com,5 Welch Avenue,Charlotte,NC,28299
12,Harold,Burton,hburtonb@gnu.org,39679 Corry Terrace,Birmingham,AL,35231
13,James,Bradley,jbradleyc@technorati.com,368 Sachtjen Point,Vancouver,WA,98682
14,Gerald,Ruiz,gruizd@google.it,1 8th Point,Cincinnati,OH,45249
15,Harold,Murphy,hmurphye@techcrunch.com,3 Superior Plaza,Portsmouth,NH,00214
16,Kathryn,Martinez,kmartinezf@columbia.edu,25367 Logan Parkway,Bloomington,IL,61709
17,Christine,Owens,cowensg@bandcamp.com,77 Mcguire Drive,Jacksonville,FL,32209
18,Robin,Watkins,rwatkinsh@discuz.net,647 Orin Junction,Denver,CO,80291
19,Julia,Kennedy,jkennedyi@illinois.edu,90090 Russell Alley,Austin,TX,78721
20,Kathy,Crawford,kcrawfordj@meetup.com,5096 Loeprich Hill,Fresno,CA,93726
21,Kathy,Foster,kfosterk@usgs.gov,1941 Daystar Place,Los Angeles,CA,90015
22,Charles,Richardson,crichardsonl@exblog.jp,77 Knutson Road,Shawnee Mission,KS,66220
23,Ronald,Wright,rwrightm@noaa.gov,3373 La Follette Parkway,Murfreesboro,TN,37131
24,Linda,Matthews,lmatthewsn@archive.org,364 Clemons Hill,Roanoke,VA,24014
25,Donna,Morgan,dmorgano@spiegel.de,72 Union Hill,Birmingham,AL,35279
26,Thomas,Marshall,tmarshallp@altervista.org,9597 Sommers Alley,Las Vegas,NV,89120
27,Dennis,Hanson,dhansonq@cdc.gov,0454 Ronald Regan Center,Detroit,MI,48295
28,Kevin,Williams,kwilliamsr@blogs.com,449 4th Junction,Colorado Springs,CO,80995
29,Chris,Moreno,cmorenos@sohu.com,757 Trailsway Parkway,Newark,NJ,07195
30,Deborah,George,dgeorget@devhub.com,31 Farragut Pass,Houston,TX,77223
31,Ernest,Bradley,ebradleyu@blog.com,95 Northland Pass,Atlanta,GA,30392
32,Carol,Black,cblackv@twitpic.com,32 West Lane,Fort Worth,TX,76178
33,Shirley,Mason,smasonw@census.gov,188 Debs Center,Wilmington,DE,19810
34,Christina,Sanders,csandersx@t-online.de,86494 Pearson Terrace,Duluth,GA,30195
35,Kelly,Elliott,kelliotty@hatena.ne.jp,829 Scott Way,Monroe,LA,71213
36,Philip,Burke,pburkez@uol.com.br,09 Blaine Center,Anderson,IN,46015
37,Kathy,Mcdonald,kmcdonald10@senate.gov,05631 Derek Place,Topeka,KS,66611
38,Fred,Collins,fcollins11@sciencedirect.com,5218 Summer Ridge Court,Indianapolis,IN,46221
39,Larry,Dixon,ldixon12@nymag.com,146 Anniversary Crossing,Amarillo,TX,79118
40,Joyce,Long,jlong13@furl.net,362 Sommers Park,Santa Barbara,CA,93111
41,Denise,Scott,dscott14@tripadvisor.com,5 Maple Circle,Macon,GA,31205
42,Sharon,Sims,ssims15@netscape.com,360 Eastlawn Crossing,Long Beach,CA,90810
43,Christine,Ortiz,cortiz16@tinypic.com,24 Nevada Lane,Cleveland,OH,44177
44,Jonathan,Lynch,jlynch17@friendfeed.com,6 Commercial Place,Pinellas Park,FL,34665
45,Amy,Elliott,aelliott18@jiathis.com,32537 Farragut Street,Atlanta,GA,30340
46,Billy,Snyder,bsnyder19@uol.com.br,64216 Dunning Pass,Saint Petersburg,FL,33715
47,Mary,Harrison,mharrison1a@chron.com,4 Oak Valley Place,Hartford,CT,06152
48,Irene,Wilson,iwilson1b@privacy.gov.au,9165 Morning Way,Baltimore,MD,21265
49,Karen,Lewis,klewis1c@i2i.jp,368 Marquette Trail,Newark,DE,19714
50,Thomas,Fowler,tfowler1d@booking.com,0 Fulton Center,Anderson,IN,46015
51,Tammy,Porter,tporter1e@usgs.gov,86041 International Way,Winston Salem,NC,27105
52,Shawn,Gray,sgray1f@umn.edu,1003 Orin Point,Flushing,NY,11355
53,Gerald,Vasquez,gvasquez1g@google.ru,64 Granby Center,Reading,PA,19610
54,Albert,Gordon,agordon1h@smugmug.com,91050 Union Hill,Terre Haute,IN,47812
55,Louise,King,lking1i@rakuten.co.jp,2 Algoma Pass,Waco,TX,76705
56,Beverly,Boyd,bboyd1j@liveinternet.ru,78193 Tennyson Pass,El Paso,TX,88563
57,Harold,Butler,hbutler1k@theatlantic.com,11 Hansons Place,Fullerton,CA,92640
58,Christina,Duncan,cduncan1l@uol.com.br,33464 Twin Pines Junction,North Hollywood,CA,91616
59,Margaret,Alexander,malexander1m@freewebs.com,87 Algoma Crossing,Ocala,FL,34474
60,Russell,Carter,rcarter1n@multiply.com,127 Bluestem Trail,Birmingham,AL,35236
61,Patrick,Knight,pknight1o@techcrunch.com,87 Jackson Plaza,Littleton,CO,80127
62,Wayne,Ross,wross1p@g.co,96621 Fremont Road,Los Angeles,CA,90010
63,Dennis,Washington,dwashington1q@addthis.com,9750 Old Gate Point,Richmond,VA,23228
64,Kathleen,Evans,kevans1r@surveymonkey.com,648 Heath Trail,Honolulu,HI,96850
65,Martin,Chavez,mchavez1s@yahoo.co.jp,9 Corben Junction,Fort Wayne,IN,46814
66,Lori,Perez,lperez1t@wix.com,327 Lotheville Road,Newton,MA,02162
67,Michelle,Graham,mgraham1u@europa.eu,0 Donald Parkway,Henderson,NV,89074
68,Nicholas,Carr,ncarr1v@independent.co.uk,1065 Pearson Circle,Lubbock,TX,79452
69,Russell,Hernandez,rhernandez1w@ucla.edu,2592 1st Avenue,Las Vegas,NV,89130
70,Theresa,Cunningham,tcunningham1x@alibaba.com,843 Talisman Hill,Lafayette,LA,70505
71,Arthur,Ray,aray1y@yelp.com,24565 Fairfield Road,Winston Salem,NC,27110
72,Robin,Stewart,rstewart1z@sciencedaily.com,20077 Maryland Parkway,Buffalo,NY,14269
73,William,Medina,wmedina20@netvibes.com,4 Rusk Point,Mobile,AL,36689
74,Jennifer,Black,jblack21@spotify.com,56 Stuart Way,El Paso,TX,88553
75,Jacqueline,Sanders,jsanders22@ning.com,5 Hauk Way,Saint Louis,MO,63150
76,Janice,Franklin,jfranklin23@weather.com,790 Westend Park,Mobile,AL,36616
77,Joshua,Mitchell,jmitchell24@simplemachines.org,64 Parkside Place,Fort Worth,TX,76110
78,Jean,Murray,jmurray25@bigcartel.com,912 Forster Circle,El Paso,TX,88519
79,Sandra,Cole,scole26@php.net,799 Nobel Pass,Washington,DC,20226
80,Ruth,Morrison,rmorrison27@soup.io,6 Twin Pines Drive,El Paso,TX,79940
81,Ernest,Peterson,epeterson28@gravatar.com,3523 Aberg Circle,Buffalo,NY,14215
82,Rachel,Fields,rfields29@wikispaceses.com,0 Tony Center,Phoenix,AZ,85053
83,Jerry,Elliott,jelliott2a@jalbum.net,8966 Kedzie Alley,New Orleans,LA,70154
84,Donald,Carr,dcarr2b@woothemes.com,329 Loeprich Avenue,Los Angeles,CA,90035
85,Frances,Gutierrez,fgutierrez2c@google.it,7 Boyd Avenue,Moreno Valley,CA,92555
86,Daniel,Reid,dreid2d@godaddy.com,53407 Macpherson Way,Des Moines,IA,50369
87,Beverly,Holmes,bholmes2e@xinhuanet.com,9248 Havey Alley,Prescott,AZ,86305
88,Laura,Crawford,lcrawford2f@domainmarket.com,30814 Rieder Circle,Raleigh,NC,27621
89,Carl,Hicks,chicks2g@ebay.co.uk,7 Calypso Pass,Cincinnati,OH,45208
90,Susan,Howard,showard2h@xing.com,28 Mallory Terrace,Dayton,OH,45440
91,Rebecca,Stanley,rstanley2i@dropbox.com,36406 Aberg Center,Washington,DC,20370
92,Linda,Bradley,lbradley2j@ihg.com,29 Fairview Court,Minneapolis,MN,55428
93,Billy,Jacobs,bjacobs2k@alexa.com,94 Mockingbird Junction,Oklahoma City,OK,73104
94,Doris,Stephens,dstephens2l@cam.ac.uk,169 Amoth Hill,Columbus,OH,43240
95,Steve,Burns,sburns2m@macromedia.com,38537 Goodland Hill,Washington,DC,20010
96,Lawrence,Lynch,llynch2n@feedburner.com,74467 Village Green Drive,Scottsdale,AZ,85260
97,Daniel,Hernandez,dhernandez2o@symantec.com,66 Farmco Plaza,Jackson,MS,39296
98,Michael,Stewart,mstewart2p@irs.gov,7 Caliangt Pass,Los Angeles,CA,90101
99,Dorothy,Henderson,dhenderson2q@nyu.edu,00168 Debs Drive,San Bernardino,CA,92415
100,Raymond,Brown,rbrown2r@parallels.com,29 Eliot Alley,Saint Petersburg,FL,33731
